{"F_RQS": {"0.1": 89.08255689363574, "0.15": 107.08634138835718, "0.2": 106.73926715060925, "0.25": 98.97679235538303, "0.3": 94.73099601997258, "0.4": 98.76980279868955, "0.5": 97.25310056356558, "0.6": 98.76607633515376, "0.7": 97.46308553101451, "0.8": 99.37953366991601}, "F_MM": {"0.1": 3765.6128981832803, "0.15": 2149.7037985003158, "0.2": 1490.3780903020806, "0.25": 1132.9067814575992, "0.3": 923.8407885889324, "0.4": 685.1002210579721, "0.5": 537.9267314072335, "0.6": 459.0878839859373, "0.7": 379.3537988525134, "0.8": 334.3650460091774}, "F_TR": {"0.1": 185.98193994835242, "0.15": 197.72181372215834, "0.2": 194.01386932693518, "0.25": 201.9444406266826, "0.3": 204.48188818387425, "0.4": 216.01201316218058, "0.5": 219.25266945468994, "0.6": 223.83074593026961, "0.7": 230.4350308813909, "0.8": 230.84819936865821}, "F_ERI": {"0.1": 396.13592958786256, "0.15": 199.49960248575033, "0.2": 139.08821710657244, "0.25": 116.10762729668924, "0.3": 108.90998495212772, "0.4": 107.30751899504358, "0.5": 103.12693674003302, "0.6": 114.21553451802035, "0.7": 110.22615790709177}}