{"RQS": {"0.1": 89.08255689363574, "0.15": 92.46523611210058, "0.2": 99.53716663620231, "0.25": 87.60599437317025, "0.3": 98.30544982305042, "0.4": 98.3663474566733}, "MM": {"0.1": 100.45370280192104, "0.15": 100.63880660860262, "0.2": 99.76706508689801, "0.25": 99.33676337986667, "0.3": 99.68486396843304, "0.4": 100.59034462434782}, "TR": {"0.1": 348.62799478387785, "0.15": 568.0580441195493, "0.2": 705.3552565618768, "0.25": 818.7154221227355, "0.3": 1088.2877401453848}, "EFI": {"0.1": 105.99774774553637, "0.15": 110.74473998633276, "0.2": 108.97446496960539, "0.25": 110.1888848919072, "0.3": 108.90998495212772}}