{"RQS": {"0.1": 89.08255689363574, "0.15": 92.46523611210058, "0.2": 99.53716663620231, "0.25": 87.60599437317025, "0.3": 98.30544982305042, "0.4": 98.3663474566733, "0.5": 100.1995979014997, "0.6": 98.25906758302673}, "MM": {"0.1": 100.45370280192104, "0.15": 100.63880660860262, "0.2": 99.76706508689801, "0.25": 99.33676337986667, "0.3": 99.68486396843304, "0.4": 100.59034462434782, "0.5": 100.04515858684864, "0.6": 104.84976109987929}, "TR": {"0.1": 348.62799478387785, "0.15": 568.0580441195493, "0.2": 705.3552565618768, "0.25": 818.7154221227355, "0.3": 1088.2877401453848, "0.4": 1153.3259838572253, "0.5": 1846.2527461734471, "0.6": 1562.4281992719905}, "EFI": {"0.1": 105.99774774553637, "0.15": 110.74473998633276, "0.2": 108.97446496960539, "0.25": 110.1888848919072, "0.3": 108.90998495212772, "0.4": 107.30751899504358, "0.5": 103.12693674003302, "0.6": 114.21553451802035}}