{"MM": {"0.1": 100.45370280192104, "0.15": 100.63880660860262, "0.2": 99.76706508689801, "0.25": 99.33676337986667, "0.3": 99.68486396843304, "0.4": 100.59034462434782, "0.5": 100.04515858684864, "0.6": 104.84976109987929, "0.7": 99.67867114450188, "0.8": 100.02771509808099}, "TR": {"0.1": 560.6294423347256, "0.15": 1033.9559887837709, "0.2": 1321.3310436152337, "0.25": 1744.4828496348173, "0.3": 1932.9255158274598, "0.4": 3191.9150685089094, "0.5": 1837.468731573909, "0.6": 5378.030894244211, "0.7": 4135.78976063002, "0.8": 5715.4953811991145}, "EFI": {"0.1": 109.29932510828203, "0.15": 111.38641812443521, "0.2": 111.3286480050581, "0.25": 109.65785719062619, "0.3": 117.58893207026503, "0.4": 104.65353707085028, "0.5": 112.94086360589348, "0.6": 112.0593416872338, "0.7": 106.81573317840103, "0.8": 109.40696252922541}, "RQS": {"0.1": 110.10735679699792, "0.15": 109.09049647582145, "0.2": 111.66391277679166, "0.25": 109.22386574319202, "0.3": 110.07061617342332, "0.4": 111.44476066893112, "0.5": 107.77211532354013, "0.6": 108.36731542846962, "0.7": 110.18468188033658, "0.8": 109.98270115375384}}