{"F_RQS": {"0.1": 98.93466358215568, "0.15": 92.46523611210058, "0.2": 100.28217621678739, "0.25": 99.25711951345923, "0.3": 98.30544982305042, "0.4": 98.3663474566733, "0.5": 97.69596229212345, "0.7": 98.66209187131368, "0.8": -23.610895313970968}, "F_MM": {"0.1": 3765.6128981832803, "0.15": 2149.7037985003158, "0.2": 1490.3780903020806, "0.25": 1132.9067814575992, "0.3": 923.8407885889324, "0.4": 685.1002210579721, "0.5": 537.9267314072335, "0.6": 459.0878839859373, "0.7": 379.3537988525134, "0.8": 334.3650460091774}, "F_TR": {"0.1": 185.98193994835242, "0.15": 197.72181372215834, "0.2": 194.01386932693518, "0.25": 201.9444406266826, "0.3": 204.48188818387425, "0.4": 216.01201316218058, "0.5": 219.25266945468994, "0.6": 223.83074593026961, "0.7": 230.4350308813909, "0.8": 230.84819936865821}, "F_ERI": {"0.1": 396.13592958786256, "0.15": 199.49960248575033, "0.2": 139.08821710657244, "0.25": 116.10762729668924, "0.3": 108.90998495212772, "0.4": 107.30751899504358, "0.5": 103.12693674003302, "0.6": 114.21553451802035, "0.7": 110.22615790709177, "0.8": 100.20650811812948}}