{
  "ST": {
    "0.1": 0.20798319327731093,
    "0.15": 0.13432835820895522,
    "0.2": 0.099,
    "0.25": 0.07958199356913183,
    "0.3": 0.06725543478260869,
    "0.4": 0.05069124423963134,
    "0.5": 0.04042466312780727,
    "0.6": 0.033684926845865944,
    "0.7": 0.02891355140186916,
    "0.8": 0.025146050292100583
  },
  "MM": {
    "0.1": 0.9747899159663865,
    "0.15": 0.9525101763907734,
    "0.2": 0.95,
    "0.25": 0.934887459807074,
    "0.3": 0.921875,
    "0.4": 0.8924731182795699,
    "0.5": 0.8705594120049,
    "0.6": 0.8485879550867642,
    "0.7": 0.8393691588785047,
    "0.8": 0.8115316230632461
  },
  "TR": {
    "0.1": 0.3004201680672269,
    "0.15": 0.19538670284938942,
    "0.2": 0.159,
    "0.25": 0.1229903536977492,
    "0.3": 0.11005434782608696,
    "0.4": 0.08294930875576037,
    "0.5": 0.08370763576970192,
    "0.6": 0.05750255188839742,
    "0.7": 0.06162383177570094,
    "0.8": 0.048260096520193044
  },
  "EFI": {
    "0.1": 0.7584033613445378,
    "0.15": 0.683853459972863,
    "0.2": 0.569,
    "0.25": 0.5192926045016077,
    "0.3": 0.47146739130434784,
    "0.4": 0.39528929851510497,
    "0.5": 0.32380563495304204,
    "0.6": 0.2773052058523307,
    "0.7": 0.2517523364485981,
    "0.8": 0.21818643637287274
  },
  "RQS": {
    "0.1": 1.0,
    "0.15": 0.9959294436906377,
    "0.2": 0.995,
    "0.25": 0.9919614147909968,
    "0.3": 0.9925271739130435,
    "0.4": 0.9912954429083461,
    "0.5": 0.9914250714577378,
    "0.6": 0.9911534535556311,
    "0.7": 0.9906542056074766,
    "0.8": 0.9908559817119634
  }
}
