{"ST": {"0.1": 0.20798319327731093, "0.15": 0.13432835820895522, "0.2": 0.099, "0.25": 0.07958199356913183, "0.3": 0.06725543478260869, "0.4": 0.05069124423963134, "0.5": 0.04042466312780727, "0.6": 0.033684926845865944, "0.7": 0.02891355140186916, "0.8": 0.025146050292100583}, "F_RQS": {"0.1": 1.0, "0.15": 1.0, "0.2": 1.0, "0.25": 1.0, "0.3": 1.0, "0.4": 1.0, "0.5": 1.0, "0.6": 1.0, "0.7": 1.0, "0.8": 1.0}, "F_MM": {"0.1": 0.5021008403361344, "0.15": 0.5006784260515604, "0.2": 0.501, "0.25": 0.5008038585209004, "0.3": 0.5006793478260869, "0.4": 0.5002560163850487, "0.5": 0.500204164965292, "0.6": 0.5001701258931609, "0.7": 0.5002920560747663, "0.8": 0.5001270002540005}, "F_TR": {"0.1": 0.5, "0.15": 0.5006784260515604, "0.2": 0.5, "0.25": 0.5, "0.3": 0.5, "0.4": 0.5002560163850487, "0.5": 0.500204164965292, "0.6": 0.5001701258931609, "0.7": 0.5, "0.8": 0.5001270002540005}, "F_ERI": {"0.1": 0.5, "0.15": 0.4993215739484396, "0.2": 0.5, "0.25": 0.5, "0.3": 0.45720108695652173, "0.4": 0.38556067588325654, "0.5": 0.3282972641894651, "0.6": 0.2824089826471589, "0.7": 0.2505841121495327, "0.8": 0.2268224536449073}}