{"ERI": {"0.1": 0.9946192470555413, "0.15": 0.991690105430623, "0.2": 0.9946826772519601, "0.25": 0.9997699221970417, "0.3": 1.0064269800867682, "0.4": 0.998180181413223, "0.5": 1.0036378894465914, "0.6": 0.9974533294257238, "0.7": 0.9982152292568387, "0.8": 1.0002616995687936}, "ER": {"0.1": 0.9945364694918805, "0.15": 0.9930418166664018, "0.2": 0.995388652082466, "0.25": 0.9982612725387967, "0.3": 1.000184135864164, "0.4": 0.9993704713377012, "0.5": 0.9942637072600522, "0.6": 0.9979096474141955, "0.7": 1.0016289515068524, "0.8": 1.0081408022370726}}