{"F_ERI": {"0.1": 0.9898448568642148, "0.15": 0.9883131422545646, "0.2": 0.9963701823331736, "0.25": 1.0011184650273035, "0.3": 0.9987943418646502, "0.4": 1.0042420567576478, "0.5": 0.9982305216469192, "0.6": 1.0009661561498826, "0.7": 0.9927905435574731, "0.8": 1.0018441090197134}, "F_ER": {"0.1": 0.990315120794524, "0.15": 0.9804585236223663, "0.2": 0.9910418984986318, "0.25": 0.9988127832459387, "0.3": 1.0079787735756545, "0.4": 1.002179786677132, "0.5": 0.9983945764710564, "0.6": 0.9991625423490911, "0.7": 1.0020787323804021, "0.8": 0.9982873890631351}}