{"F_ERI": {"0.1": 1.8159745271102714, "0.15": 2.8613873349827066, "0.2": 2.8320564616659176, "0.25": 3.219235443179823, "0.3": 3.5366648111217023, "0.4": 3.357625026635325, "0.5": 4.609642476529542, "0.6": 4.700344380510429, "0.7": 5.597954793325691, "0.8": 5.697445873781074}, "F_ER": {"0.1": 1.9271873730440614, "0.15": 2.51020083911911, "0.2": 2.7271469379403315, "0.25": 2.5065538399212555, "0.3": 3.1055206224790854, "0.4": 3.9056936896931456, "0.5": 4.092737692201938, "0.6": 4.926045115572594, "0.7": 5.3560323270448835, "0.8": 5.593798294070812}}