{"EFI": {"0.1": 1.0980166357528933, "0.15": 1.8108575055274807, "0.2": 2.757140021775246, "0.25": 3.2609051352265657, "0.3": 3.720836253355842, "0.4": 4.899024393171226, "0.5": 6.5220317078914425, "0.6": 7.7217859749150595, "0.7": 8.239775110853643, "0.8": 9.848222877168162}, "EF": {"0.1": 1.07710353306492, "0.15": 1.9617780443259982, "0.2": 2.2952102210971495, "0.25": 2.5632143422723805, "0.3": 3.8121839131361512, "0.4": 5.25458028089733, "0.5": 5.7157827922614, "0.6": 7.182923951265707, "0.7": 8.07202152327745, "0.8": 9.309598752327993}}