{"ST": {"0.05": 53486.60153818766, "0.1": 53486.60153818766, "0.2": 53486.60153818766, "0.3": 53486.60153818766, "0.4": 53486.60153818766, "0.5": 53486.60153818766}, "F_RQS": {"0.05": 0.001255394959719691, "0.1": 0.001255394959719691, "0.2": 0.001255394959719691, "0.3": 0.001255394959719691, "0.4": 0.001255394959719691, "0.5": 0.001255394959719691}, "F_MM": {"0.05": 62696.395832138514, "0.1": 62841.00477412083, "0.2": 56417.203448497596, "0.3": 48463.288423733, "0.4": 39045.57805139282, "0.5": 29243.885101232445}, "F_TR": {"0.05": 53486.60153818766, "0.1": 48004.98207752329, "0.2": 37890.869340734585, "0.3": 29659.93229643033, "0.4": 22459.683841771217, "0.5": 15927.459066046655}, "F_ERI": {"0.05": 87260.36122249752, "0.1": 42664.75232385263, "0.2": 21885.605743154287, "0.3": 11912.361679582724, "0.4": 7367.470414000212, "0.5": 5391.7261682930875}, "F_ER": {"0.05": 95584.95418132897, "0.1": 42273.30371149871, "0.2": 18933.394556871168, "0.3": 11210.048621211641, "0.4": 8013.49972132977, "0.5": 5784.955809040092}}