{"ST": {"0.1": 0.002069234848022461, "0.15": 0.002035379409790039, "0.2": 0.002994537353515625, "0.25": 0.001981019973754883, "0.3": 0.003034830093383789, "0.4": 0.004962444305419922, "0.5": 0.004973411560058594, "0.6": 0.0069980621337890625, "0.7": 0.007999897003173828, "0.8": 0.00896000862121582, "0.9": 0.00799417495727539}, "RQS": {"0.1": 0.020035982131958008, "0.15": 0.019986391067504883, "0.2": 0.019997119903564453, "0.25": 0.01803112030029297, "0.3": 0.02198958396911621, "0.4": 0.023997783660888672, "0.5": 0.02202606201171875, "0.6": 0.02703237533569336, "0.7": 0.022988557815551758, "0.8": 0.024037837982177734, "0.9": 0.023996829986572266}, "MM": {"0.1": 0.3540329933166504, "0.15": 0.37903690338134766, "0.2": 0.408031702041626, "0.25": 0.3820054531097412, "0.3": 0.3640329837799072, "0.4": 0.37502503395080566, "0.5": 0.3849983215332031, "0.6": 0.414989709854126, "0.7": 0.4100320339202881, "0.8": 0.3910353183746338, "0.9": 0.4171724319458008}, "EFI": {"0.1": 0.0859975814819336, "0.15": 0.13696002960205078, "0.2": 0.1489863395690918, "0.25": 0.15999674797058105, "0.3": 0.1909956932067871, "0.4": 0.23703742027282715, "0.5": 0.34199953079223633, "0.6": 0.3659965991973877, "0.7": 0.426027774810791, "0.8": 0.4937121868133545, "0.9": 0.5449502468109131}}