{"ST": {"50": 0.0009963512420654297}, "RQS": {"50": 0.004995584487915039}, "MM": {"50": 0.1529862880706787}, "TR": {"50": 0.19602322578430176}, "EFI": {"50": 0.007999420166015625}, "EF": {}}