{
  "ST": {
    "0.1": 0.002045154571533203,
    "0.15": 0.0019989013671875,
    "0.2": 0.002975940704345703,
    "0.25": 0.0040013790130615234,
    "0.3": 0.0040013790130615234,
    "0.4": 0.005000114440917969,
    "0.5": 0.006996870040893555,
    "0.6": 0.00699925422668457
  },
  "F_RQS": {
    "0.1": 0.01703357696533203,
    "0.15": 0.020997047424316406,
    "0.2": 0.025989770889282227,
    "0.25": 0.027015209197998047,
    "0.3": 0.023996591567993164,
    "0.4": 0.026998281478881836,
    "0.5": 0.03300046920776367,
    "0.6": 0.04504227638244629
  },
  "F_MM": {
    "0.1": 0.031998634338378906,
    "0.15": 0.05759382247924805,
    "0.2": 0.0729985237121582,
    "0.25": 0.11162781715393066,
    "0.3": 0.12409806251525879,
    "0.4": 0.1909477710723877,
    "0.5": 0.2600278854370117,
    "0.6": 0.24699831008911133
  },
  "F_TR": {
    "0.1": 21.37474751472473,
    "0.15": 113.79821228981018,
    "0.2": 177.17396545410156,
    "0.25": 255.54152965545654,
    "0.3": 392.6771066188812,
    "0.4": 622.5515551567078,
    "0.5": 941.2117834091187,
    "0.6": 1120.3118941783905
  },
  "F_ERI": {
    "0.1": 0.0879964828491211,
    "0.15": 0.09689831733703613,
    "0.2": 0.11905598640441895,
    "0.25": 0.1511373519897461,
    "0.3": 0.18999886512756348,
    "0.4": 0.26799702644348145,
    "0.5": 0.27499914169311523,
    "0.6": 1.0770010948181152
  },
  "F_ER": {
    "0.1": 69.39682865142822,
    "0.15": 56.566200733184814,
    "0.2": 59.86914658546448,
    "0.25": 63.05539035797119,
    "0.3": 61.09174919128418,
    "0.4": 78.73736000061035,
    "0.5": 63.700011253356934,
    "0.6": 78.53638052940369
  }
}
