{"ST": {"0.1": 0.0009992122650146484, "0.15": 0.002000093460083008, "0.2": 0.004000425338745117, "0.25": 0.0030007362365722656, "0.3": 0.004000186920166016, "0.4": 0.0049936771392822266, "0.5": 0.005999326705932617, "0.6": 0.007000446319580078}, "RQS": {"0.1": 0.016999006271362305, "0.15": 0.020000696182250977, "0.2": 0.024998903274536133, "0.25": 0.021999359130859375, "0.3": 0.022996902465820312, "0.4": 0.02700018882751465, "0.5": 0.025998353958129883, "0.6": 0.026998519897460938}, "MM": {"0.1": 0.324038028717041, "0.15": 0.39299535751342773, "0.2": 0.40899658203125, "0.25": 0.38603782653808594, "0.3": 0.37599802017211914, "0.4": 0.39800000190734863, "0.5": 0.40903782844543457, "0.6": 0.438997745513916}, "ERI": {"0.1": 0.07139754295349121, "0.15": 0.09395623207092285, "0.2": 0.13399505615234375, "0.25": 0.14699578285217285, "0.3": 0.1699531078338623, "0.4": 0.22144079208374023, "0.5": 0.28099799156188965, "0.6": 0.3569796085357666}, "ER": {"0.1": 67.9051902294159, "0.15": 56.2610125541687, "0.2": 59.2812123298645, "0.25": 61.92386198043823, "0.3": 61.19841480255127, "0.4": 63.20253014564514, "0.5": 65.5015881061554, "0.6": 78.25156140327454}, "TR": {"0.1": 2.774996280670166, "0.15": 8.654000759124756, "0.2": 16.269555807113647, "0.25": 31.034064769744873, "0.3": 48.98539137840271, "0.4": 91.7188138961792, "0.5": 131.71914887428284, "0.6": 276.55767130851746}}