{"ST": {"0.1": 0.0019986629486083984, "0.15": 0.002996206283569336, "0.2": 0.0029997825622558594, "0.25": 0.0050008296966552734, "0.3": 0.003998517990112305, "0.4": 0.0050013065338134766, "0.5": 0.005995512008666992, "0.6": 0.006000041961669922, "0.7": 0.00799870491027832, "0.8": 0.009002685546875, "0.9": 0.010997533798217773}, "RQS": {"0.1": 0.018999576568603516, "0.15": 0.019997596740722656, "0.2": 0.028000593185424805, "0.25": 0.02199721336364746, "0.3": 0.02099895477294922, "0.4": 0.021998167037963867, "0.5": 0.022994041442871094, "0.6": 0.025997400283813477, "0.7": 0.025992870330810547, "0.8": 0.029041051864624023, "0.9": 0.02803969383239746}, "MM": {"0.1": 0.39600086212158203, "0.15": 0.4289994239807129, "0.2": 0.4440009593963623, "0.25": 0.3959994316101074, "0.3": 0.39703822135925293, "0.4": 0.4010441303253174, "0.5": 0.414050817489624, "0.6": 0.4009582996368408, "0.7": 0.4610311985015869, "0.8": 0.43900251388549805, "0.9": 0.4279930591583252}, "ERI": {"0.1": 0.06999826431274414, "0.15": 0.11299848556518555, "0.2": 0.12299656867980957, "0.25": 0.15199828147888184, "0.3": 0.17999911308288574, "0.4": 0.23165535926818848, "0.5": 0.27900075912475586, "0.6": 0.340040922164917, "0.7": 0.4129600524902344, "0.8": 0.49997973442077637, "0.9": 0.5000381469726562}}