{"RQS": {"0.1": 1.0000250077784423, "0.15": 0.9999850270413034, "0.2": 1.000050400748986, "0.25": 1.0000032504697238, "0.3": 1.0000540697176261, "0.4": 1.0000056367536008, "0.5": 1.0000113524467187, "0.6": 1.0000113107781383, "0.7": 1.0000285847532826, "0.8": 1.0000513852190511}, "MM": {"0.1": 0.9987179979574095, "0.15": 1.0002671699265626, "0.2": 1.0008044236631104, "0.25": 1.0000285513789293, "0.3": 0.9997960835159287, "0.4": 0.9993956774496715, "0.5": 1.0012074352650473, "0.6": 1.0003192239406242, "0.7": 1.0003059130020837, "0.8": 0.999499272846037}, "TR": {"0.1": 0.4010796799854358, "0.15": 0.27214280589112716, "0.2": 0.21774773049630336, "0.25": 0.1709047383876661, "0.3": 0.14536922653534426, "0.4": 0.10775282024589951, "0.5": 0.10060124551517947, "0.6": 0.07032955869910061, "0.7": 0.07046393156383253, "0.8": 0.05539414574816501}, "EFI": {"0.1": 0.9946192470555413, "0.15": 0.991690105430623, "0.2": 0.9946826772519601, "0.25": 0.9997699221970417, "0.3": 1.0064269800867682, "0.4": 0.998180181413223, "0.5": 1.0036378894465914, "0.6": 0.9974533294257238, "0.7": 0.9982152292568387, "0.8": 1.0002616995687936}}