{"F_RQS": {"0.1": 0.0008795312211280048, "0.15": 0.002503983291782532, "0.2": 0.004919162870843223, "0.25": 0.006327117770872803, "0.3": 0.006655552341838841, "0.4": 0.013015192683517115, "0.5": 0.017550025943683635, "0.6": 0.020434812898452323, "0.7": 0.025520747681697743, "0.8": 0.02809249856697363}, "F_MM": {"0.1": 37.45413347104187, "0.15": 56.211029934376796, "0.2": 75.68866777550902, "0.25": 91.8815796089313, "0.3": 107.54767092425061, "0.4": 138.4998280825388, "0.5": 164.27267255575416, "0.6": 186.22243270602664, "0.7": 207.38129900577223, "0.8": 220.04751863231388}, "F_TR": {"0.1": 13.666661217983904, "0.15": 24.286620975152328, "0.2": 33.33496761943575, "0.25": 42.63908215542719, "0.3": 53.870113086278614, "0.4": 71.10854567870268, "0.5": 95.61603354161774, "0.6": 113.9984351058082, "0.7": 135.52794716293158, "0.8": 155.65906287911983}, "F_ERI": {"0.1": 1.8159745271102714, "0.15": 2.8613873349827066, "0.2": 2.8320564616659176, "0.25": 3.219235443179823, "0.3": 3.5366648111217023, "0.4": 3.357625026635325, "0.5": 4.609642476529542, "0.6": 4.700344380510429, "0.7": 5.597954793325691, "0.8": 5.697445873781074}}