{"ST": {"0.05": 320.13672481471457, "0.1": 320.13672481471457, "0.2": 320.13672481471457, "0.3": 320.13672481471457, "0.4": 320.13672481471457, "0.5": 320.13672481471457}, "F_RQS": {"0.05": 0.012817862957306261, "0.1": 0.012817862957306261, "0.2": 0.012817862957306261, "0.3": 0.012817862957306261, "0.4": 0.012817862957306261, "0.5": 0.012817862957306261}, "F_MM": {"0.05": 346.0171449942751, "0.1": 349.1590861461143, "0.2": 328.45867097564036, "0.3": 304.329852049523, "0.4": 274.03677700009666, "0.5": 234.4790786259491}, "F_TR": {"0.05": 321.3311925424957, "0.1": 303.4769783451145, "0.2": 263.63679279565326, "0.3": 227.3023596084513, "0.4": 190.63653133137376, "0.5": 154.3408368787774}, "F_ERI": {"0.05": 23.630877882941704, "0.1": 15.142405109986207, "0.2": 10.599784993407257, "0.3": 7.288517554697016, "0.4": 6.154235806300673, "0.5": 5.009208219051447}, "F_ER": {"0.05": 24.365298480682277, "0.1": 16.0955959314894, "0.2": 10.530937526756448, "0.3": 7.893599208237581, "0.4": 7.216545336833351, "0.5": 5.786089000135299}}