{"RQS": {"0.1": 1.0, "0.15": 1.0, "0.2": 1.0, "0.25": 1.0, "0.3": 1.0, "0.4": 1.0, "0.5": 1.0, "0.6": 1.0, "0.7": 1.0, "0.8": 1.0}, "MM": {"0.1": 0.9978348569122645, "0.15": 1.0011577978385973, "0.2": 0.9991110364749582, "0.25": 0.9984412736096309, "0.3": 0.9989159865181133, "0.4": 0.9999444081817802, "0.5": 0.9996296545898411, "0.6": 0.9997135743810229, "0.7": 1.0001204905490197, "0.8": 0.9999973440113145}, "TR": {"0.1": 0.26403212718653896, "0.15": 0.1725794156674154, "0.2": 0.13392180243968332, "0.25": 0.1018638402155236, "0.3": 0.0801688754309758, "0.4": 0.05533571614392134, "0.5": 0.05025942144197189, "0.6": 0.044003108143848155, "0.7": 0.02954976250804301, "0.8": 0.02651273710225513}, "EFI": {"0.1": 0.9998277710240587, "0.15": 1.0001290883151759, "0.2": 0.9998627103818721, "0.25": 0.9999334943996695, "0.3": 1.000219354446928, "0.4": 0.9999706762966447, "0.5": 0.9998931319020912, "0.6": 0.9999436428102421, "0.7": 0.9999806867262181, "0.8": 1.0000049392286867}}