{"RQS": {"0.1": 0.0009936147284215836, "0.15": 0.0011096206709807887, "0.2": 0.004231224818384049, "0.25": 0.002010429180070332, "0.3": 0.0067623394688483525, "0.4": 0.003144681737310009, "0.5": 0.003351749962881172, "0.6": 0.0038911959070588864, "0.7": 0.008398383774922706, "0.8": 0.01694068165679539}, "MM": {"0.1": 0.3663815260731649, "0.15": 0.6141460213718407, "0.2": 0.746736936108733, "0.25": 0.9439896585337357, "0.3": 1.1201256288282402, "0.4": 1.4206055262102972, "0.5": 2.0992616467236913, "0.6": 2.853678553470415, "0.7": 2.3701002935052666, "0.8": 2.960736546981428}, "TR": {"0.1": 23.41893501087395, "0.15": 44.343599052014916, "0.2": 64.36213121083551, "0.25": 84.27272545859756, "0.3": 105.25452540196913, "0.4": 146.29108161585896, "0.5": 185.19669946016694, "0.6": 230.8698941331737, "0.7": 268.0949857590699, "0.8": 311.6887848171359}, "EFI": {"0.1": 1.0980166357528933, "0.15": 1.8108575055274807, "0.2": 2.757140021775246, "0.25": 3.2609051352265657, "0.3": 3.720836253355842, "0.4": 4.899024393171226, "0.5": 6.5220317078914425, "0.6": 7.7217859749150595, "0.7": 8.239775110853643, "0.8": 9.848222877168162}}