{"F_RQS": {"0.1": 1.0000250077784423, "0.15": 1.0000392017734987, "0.2": 1.0000923741003038, "0.25": 1.0001154962397438, "0.3": 1.0000972286108079, "0.4": 1.0000948932095233, "0.5": 1.0001161779211631, "0.6": 1.000101536682524, "0.7": 1.0000963835577579, "0.8": 1.0001060317159998}, "F_MM": {"0.1": 0.04259345960353472, "0.15": 0.059148486862056204, "0.2": 0.07927481096625737, "0.25": 0.10125268273971669, "0.3": 0.11576733625396378, "0.4": 0.15117127522594825, "0.5": 0.1945756729123887, "0.6": 0.2401753005321208, "0.7": 0.2745841280465013, "0.8": 0.32338204159285483}, "F_TR": {"0.1": 0.6507449428134128, "0.15": 0.6017506427239688, "0.2": 0.5947019352433175, "0.25": 0.5802623674769466, "0.3": 0.5626867812740389, "0.4": 0.5665736116987792, "0.5": 0.5356157380944209, "0.6": 0.5411601841603209, "0.7": 0.529733791818467, "0.8": 0.5278497691418326}, "F_ERI": {"0.1": 0.3531589653585528, "0.15": 0.5546960841510598, "0.2": 0.7724298277403469, "0.25": 0.9527425949738803, "0.3": 0.9985814037566972, "0.4": 0.9923743912960586, "0.5": 1.000731683507414, "0.6": 0.998845438804507, "0.7": 1.0010453607494743, "0.8": 0.9944037906335668}}