{"F_RQS": {"0.1": 0.0009936147284215836, "0.15": 0.002424949963051688, "0.2": 0.007743077818469146, "0.25": 0.012030152609230243, "0.3": 0.012186888381966838, "0.4": 0.015681505474844926, "0.5": 0.02411261149310235, "0.6": 0.02547764354101588, "0.7": 0.028171441251802775, "0.8": 0.035020231810396464}, "F_MM": {"0.1": 37.45413347104187, "0.15": 56.211029934376796, "0.2": 75.68866777550902, "0.25": 91.8815796089313, "0.3": 107.54767092425061, "0.4": 138.4998280825388, "0.5": 164.27267255575416, "0.6": 186.22243270602664, "0.7": 207.38129900577223, "0.8": 220.04751863231388}, "F_TR": {"0.1": 13.666661217983904, "0.15": 24.286620975152328, "0.2": 33.33496761943575, "0.25": 42.63908215542719, "0.3": 53.870113086278614, "0.4": 71.10854567870268, "0.5": 95.61603354161774, "0.6": 113.9984351058082, "0.7": 135.52794716293158, "0.8": 155.65906287911983}, "F_ERI": {"0.1": 1.8159745271102714, "0.15": 2.8613873349827066, "0.2": 2.8320564616659176, "0.25": 3.219235443179823, "0.3": 3.5366648111217023, "0.4": 3.357625026635325, "0.5": 4.609642476529542, "0.6": 4.700344380510429, "0.7": 5.597954793325691, "0.8": 5.697445873781074}}